feature,weight
intercept,-0.2064608781247698
price_npr,-0.015934360699020707
units_sold,0.06397442428964997
transaction_count,0.094774529015242
is_festival_period,0.07113118632823026
day_of_week,0.17043953048792634
month,-0.0060935575911030436
is_weekend,0.005695079950245262
units_lag_1d,0.01619393361394514
units_rolling_7d,0.19608787317013968
units_rolling_14d,0.2905235597796299
