{
  "model_type": "logistic_inventory_demand_classifier",
  "target_definition": "target_next_day_units > 0",
  "feature_columns": [
    "price_npr",
    "units_sold",
    "transaction_count",
    "is_festival_period",
    "day_of_week",
    "month",
    "is_weekend",
    "units_lag_1d",
    "units_rolling_7d",
    "units_rolling_14d"
  ],
  "selected_threshold": 0.49999999999999994,
  "train_rows": 673936,
  "validation_rows": 143664,
  "test_rows": 141328,
  "validation_metrics": {
    "accuracy": 0.6329073393473661,
    "precision": 0.6345496788301216,
    "recall": 0.48858255287803853,
    "f1_score": 0.5520808561236622,
    "tp": 32501,
    "tn": 58425,
    "fp": 18718,
    "fn": 34020
  },
  "test_metrics": {
    "accuracy": 0.6343612023095211,
    "precision": 0.6215538847117794,
    "recall": 0.41759629551673333,
    "f1_score": 0.49955936044315746,
    "tp": 25792,
    "tn": 63861,
    "fp": 15704,
    "fn": 35971
  },
  "feature_means": [
    354.3664383561644,
    0.9145007834571829,
    0.6730772654970205,
    0.03512351321193704,
    2.9896013864818025,
    5.596187175043328,
    0.28422876949740034,
    0.9134680444433892,
    0.911952933074894,
    0.9108026637690804
  ],
  "feature_stds": [
    658.2250931536853,
    1.4663617259884398,
    0.9519663765160159,
    0.18409196623315185,
    2.000839342211904,
    3.236734455244925,
    0.4510463125748774,
    1.4661270797293025,
    0.7310506199901615,
    0.6326974524106654
  ]
}