query_type,total_queries,top1_product_accuracy,top1_aisle_accuracy,top1_zone_accuracy,top3_product_accuracy
category,1168,0.11643835616438356,0.634417808219178,0.9426369863013698,0.3613013698630137
exact,1168,1.0,1.0,1.0,1.0
misspelled,1168,0.9092465753424658,0.949486301369863,0.9580479452054794,0.964041095890411
partial,1168,0.9529109589041096,0.9922945205479452,1.0,1.0
