top_k,evaluated_baskets,hit_rate,mrr
3,7102,0.2628836947338778,0.20266591570449638
5,7102,0.2976626302450014,0.21065662254763914
