segment_id,transaction_count,total_spend_npr,avg_order_value_npr,total_units,avg_basket_size,avg_dwell_minutes,avg_aisles_visited,scan_to_pay_rate,payment_success_rate,app_searches_total,app_directions_total,festival_transaction_count,unique_products_bought,customer_tenure_days,recency_days,spend_per_visit_npr,app_engagement_events,segment_name
0,-0.8807325070654004,-0.7429547785292507,-0.8706283204957105,-0.7788913513645723,-1.026650174931817,-1.1847185944573795,-1.2108269628480197,-0.8752051864098624,-1.601958932977556,-0.5472781304065453,-0.52940768560966,-0.3378386536646764,-0.828266218993423,-0.004451804711173151,1.2265722605926808,-0.8706283204957105,-0.5535013527860079,Occasional Traditional Shoppers
1,0.03553757525004262,-0.17054038473816874,0.01989058404811148,-0.15174407324744338,0.08547796163776174,0.2033376865750248,0.2207712007895109,0.19507570013188658,0.6027291725842757,-0.21786572398573356,-0.2254545255663915,-0.10864521078770277,-0.1327469732434424,0.013173534912613739,-0.3826247813165741,0.01989058404811148,-0.22618372888105537,Regular Digital Shoppers
2,1.088183900425675,1.4315122108009777,1.11472986976673,1.4314869906498195,1.1556461819364516,1.0654251603808083,1.055731419541227,0.6721819785852644,0.6011602063910624,1.290730757375262,1.2862403343740627,0.7305846359362097,1.448939874817104,-0.027778969565091797,-0.6622808887975121,1.11472986976673,1.3203666260622782,High Value Loyal Customers
